Name	Team	Pos	SH	SG	G	A	OF	SV
Alabi, James	Mansfield Town	F	2	1	0	0	0	0
Arestidou, Andres	Morecambe	G	0	0	0	0	0	0
Allen, Jamie	Fleetwood Town	M	26	11	6	1	2	0
Amond, Padraig	Morecambe	F	51	27	11	2	19	0
Antwi, Will	AFC Wimbledon	D	3	2	1	0	2	0
Anthony, Byron	Newport County	D	1	0	0	0	0	0
Adelakun, Hakeeb	Scunthorpe United	F	16	7	2	3	2	0
Atkinson, Mike	York City	D	0	0	0	0	0	0
Azeez, Adebayo	Torquay United	F	25	11	5	2	17	0
Arnold, Nick	Wycombe Wanderers	D	17	10	0	2	1	0
Allen, Tom	York City	M	3	1	0	0	0	0
Ainsworth, Gareth	Wycombe Wanderers	M	0	0	0	0	0	0
Andrew, Calvin	Mansfield Town	F	23	8	1	2	11	0
Atkinson, Robert	Accrington Stanley	D	0	0	0	0	1	0
Arthur, Chris	AFC Wimbledon	M	9	3	1	1	0	0
Ashby, Josh	Oxford United	F	0	0	0	0	0	0
Anderson, Lloyd	Dagenham & Redbridge	G	0	0	0	0	0	0
Alexander, Gary	Burton Albion	F	9	3	0	0	4	0
Alessandra, Lewis	Plymouth Argyle	F	63	23	7	4	11	0
Amdi-Holloway, Aaron	Newport County	M	2	0	0	0	0	0
Auger, Ryan	Southend United 	M	0	0	0	0	0	0
Austin, Neil	Hartlepool United	D	2	0	0	0	0	0
Appiah, Kwesi	AFC Wimbledon	F	19	7	3	1	8	0
Atkinson, Will	Southend United 	M	33	5	2	1	1	0
Agyemang, Patrick	Portsmouth	F	24	12	4	3	15	0
Awford, Nick	Portsmouth	M	0	0	0	0	0	0
Alfei, Daniel	Portsmouth	D	3	0	0	1	0	0
Aldred, Tom	Accrington Stanley	M	16	7	2	1	3	0
Bunny, Joe	Rochdale	F	16	5	3	1	16	0
Barton, Adam	Fleetwood Town	D	0	0	0	0	0	0
Blair, Matty	Northampton Town	M	22	10	4	0	1	0
Brundle, Mitch	Cheltenham Town	M	6	2	0	0	0	0
Ball, David	Fleetwood Town	F	59	32	8	1	23	0
Bentley, Daniel	Southend United 	G	1	1	0	0	0	68
Banton, Josh	Southend United 	D	0	0	0	0	0	0
Bennett, Julian	Southend United 	D	0	0	0	0	0	0
Bolger, Cian	Southend United 	D	1	1	0	0	0	0
Barcham, Andy	Portsmouth	F	22	12	3	1	0	0
Bridge, Jack	Southend United 	M	0	0	0	0	0	0
Butterfield, Danny	Exeter City	D	3	1	0	1	0	0
Boswell, Liam	Bury	F	0	0	0	0	0	0
Bell, Lee	Burton Albion	M	12	6	1	1	1	0
Brobbell, Ryan	York City	M	13	8	4	3	1	0
Bowman, Ryan	York City	F	31	20	8	2	7	0
Bevans, Matt	Oxford United	D	0	0	0	0	0	0
Bird, Ryan	Portsmouth	D	11	7	3	0	6	0
Bingham, Billy	Dagenham & Redbridge	F	12	3	0	0	1	0
Bencherif, Hamza	Plymouth Argyle	D	5	1	0	0	0	0
Berry, Durrell	Plymouth Argyle	D	4	1	1	2	1	0
Blanchard, Maximo	Plymouth Argyle	D	6	3	1	1	0	0
Branston, Guy	Plymouth Argyle	D	2	2	0	0	0	0
Banton, Jason	Plymouth Argyle	M	16	7	1	3	4	0
Blizzard, Dominic	Plymouth Argyle	M	7	1	1	0	2	0
Boco, Romuald	Plymouth Argyle	M	19	5	1	0	7	0
Beevers, Lee	Mansfield Town	D	2	1	0	1	1	0
Black, Paul	Mansfield Town	D	0	0	0	0	0	0
Bennett, Scott	Exeter City	D	37	16	6	1	12	0
Buxton, Adam	Burton Albion	D	5	0	0	0	0	0
Briscoe, Louis	Mansfield Town	F	0	0	0	0	0	0
Burke, James	Bury	D	0	0	0	0	0	0
Burge, Ryan	Newport County	M	15	6	2	1	1	0
Beattie, James	Accrington Stanley	F	0	0	0	0	0	0
Bowerman, George	Accrington Stanley	F	13	9	3	2	6	0
Barnard, Lee	Southend United 	F	18	5	1	0	7	0
Baldwin, Pat	Exeter City	D	4	1	0	0	0	0
Bauza, Guillem	Exeter City	F	0	0	0	0	0	0
Beesley, Shaun	Bury	D	6	1	0	1	2	0
Bell, Will	Morecambe	D	0	0	0	0	0	0
Burgess, Christian	Hartlepool United	D	17	4	0	0	3	0
Barmby, Jack	Hartlepool United	M	22	14	5	4	0	0
Bayes, Ashley	AFC Wimbledon	G	0	0	0	0	0	0
Brown, Sebastien	AFC Wimbledon	G	0	0	0	0	0	2
Bennett, Alan	AFC Wimbledon	D	15	5	1	1	3	0
Bradley, Sonny	Portsmouth	M	22	7	2	1	0	0
Blake, Darcy	Newport County	D	0	0	0	0	0	0
Beere, Tom	AFC Wimbledon	F	0	0	0	0	0	0
Bloomfield, Matt	Wycombe Wanderers	M	12	4	0	3	1	0
Broghammer, Fabian	Bristol Rovers	D	3	1	0	0	0	0
Brown, Lee	Bristol Rovers	D	27	12	2	6	6	0
Beardsley, Chris	Bristol Rovers	M	19	6	1	1	19	0
Brunt, Ryan	Bristol Rovers	F	14	3	0	0	2	0
Brown, Scott	Cheltenham Town	G	0	0	0	1	0	45
Bowen, James	Cheltenham Town	D	0	0	0	0	0	0
Braham-Barrett, Craig	Cheltenham Town	D	6	2	0	1	1	0
Brown, Troy	Cheltenham Town	D	12	5	4	1	3	0
Bettinelli, Marcus	Accrington Stanley	G	0	0	0	0	0	46
Bull, Nikki	Wycombe Wanderers	G	0	0	0	0	0	0
Barrington, Josh	Chesterfield	G	0	0	0	0	0	0
Banks, Oliver	Chesterfield	M	36	17	7	0	5	0
Broadhead, Jack	Chesterfield	M	0	0	0	0	0	0
Beesley, Jake	Chesterfield	F	0	0	0	0	0	0
Burgess, Scott	Bury	M	0	0	0	0	0	0
Burdett, Noel	Scunthorpe United	M	0	0	0	0	0	0
Burton, Deon	Scunthorpe United	F	27	13	6	2	11	0
Bennett, Rhys	Rochdale	D	8	2	0	2	0	0
Barry-Murphy, Brian	Rochdale	M	0	0	0	0	1	0
Craddock, Tom	Portsmouth	F	5	2	1	0	2	0
Coker, Ben	Southend United 	D	23	10	2	4	3	0
Canavan, Niall	Scunthorpe United	D	20	13	4	0	0	0
Coughlan, Graham	Southend United 	D	0	0	0	0	0	0
Cane, Jacob	Exeter City	M	0	0	0	0	0	0
Chorley, Ben	Portsmouth	D	0	0	0	1	0	0
Cavanagh, Peter	Rochdale	D	3	1	1	0	0	0
Collins, Michael	AFC Wimbledon	M	8	4	0	0	1	0
Collins, Sam	Hartlepool United	D	4	0	0	0	2	0
Carr, Daniel	Fleetwood Town	F	3	3	1	0	2	0
Cartright, Max	Fleetwood Town	F	0	0	0	0	0	0
Clarke, Ollie	Bristol Rovers	M	40	7	1	0	0	0
Clarkson, David	Bristol Rovers	F	47	22	6	0	5	0
Camps, Callum	Rochdale	M	0	0	0	0	0	0
Carter, Darren	Northampton Town	M	41	19	5	1	1	0
Chamberlain, Tom	York City	D	0	0	0	0	0	0
Carson, Josh	York City	M	47	22	4	3	4	0
Cole, Jake	Plymouth Argyle	G	1	1	0	1	0	39
Coulthirst, Shaquile	Torquay United	F	9	3	2	1	3	0
Connors, Jack	Dagenham & Redbridge	G	0	0	0	1	0	0
Chambers, Luke	Southend United 	D	0	0	0	0	0	0
Cain, Michael	Mansfield Town	G	0	0	0	0	0	0
Collis, Steven	Rochdale	G	0	0	0	0	0	0
Close, Ben	Portsmouth	M	0	0	0	0	0	0
Clements, Chris	Mansfield Town	M	20	5	1	5	1	0
Clucas, Samuel	Mansfield Town	M	88	39	8	2	27	1
Cureton, Jamie	Cheltenham Town	F	50	27	11	0	34	0
Coulson, Michael	York City	F	58	26	7	4	18	0
Clifford, Conor	Southend United 	M	23	3	1	0	0	0
Charles-Cook, Reice	Bury	G	0	0	0	0	0	3
Cameron, Nathan	Bury	D	17	7	4	0	1	0
Corr, Barry	Southend United 	F	78	32	12	5	52	0
Crossley, Mark	Chesterfield	G	0	0	0	0	0	0
Carole, Sebastien	Bury	M	0	0	0	0	0	0
Chippendale, Aiden	Bury	M	0	0	0	0	0	0
Clarke, Ryan	Oxford United	G	0	0	0	1	0	53
Crocombe, Max	Oxford United	G	0	0	0	0	0	0
Cristian, Cristian	Northampton Town	F	1	0	0	0	0	0
Cansdell-Sherriff, Shane	Burton Albion	D	13	6	0	0	0	0
Compton, Jack	Hartlepool United	M	34	13	4	2	7	1
Cresswell, Ryan	Fleetwood Town	D	23	4	2	0	4	0
Collins, Lee	Northampton Town	D	3	3	1	1	0	0
Craig, Steven	Wycombe Wanderers	F	17	9	4	1	11	0
Connell, Alan	Northampton Town	F	16	7	0	0	2	0
Coles, Danny	Exeter City	D	5	3	1	2	0	0
Carson, Trevor	Bury	G	0	0	0	0	0	73
Chapman, Adam	Newport County	M	34	7	2	2	0	0
Cooper, Liam	Chesterfield	D	15	8	3	0	1	0
Crow, Danny	Newport County	F	7	6	3	0	9	0
Clucas, Seanan	Bristol Rovers	M	9	2	0	0	0	0
Copp, Jordan	Plymouth Argyle	M	0	0	0	0	0	0
Clark, Luke	Accrington Stanley	D	0	0	0	0	0	0
Connolly, David	Oxford United		32	17	8	3	13	1
Cummins, Graham	Rochdale	F	35	12	4	1	14	0
Constable, James	Oxford United	F	74	28	10	1	39	0
Drennan, Michael	Portsmouth	M	13	6	3	0	6	0
Dawber, Andrew	Accrington Stanley	G	0	0	0	0	0	7
Deering, Sam	Cheltenham Town	M	33	13	0	2	5	0
Doyle, Eoin	Chesterfield	F	61	31	11	4	57	0
Dudley, Anthony	Bury	F	0	0	0	0	0	0
Dickinson, Chris	York City	F	0	0	0	0	0	0
Dale, Bobbie	Cheltenham Town	F	0	0	0	0	1	0
Daniels, Billy	Cheltenham Town	F	4	0	0	0	0	0
Donnelly, George	Rochdale	F	52	17	5	4	12	0
Davies, Arron	Exeter City	M	32	12	2	4	2	0
Dawson, Aaron	Exeter City	M	1	0	0	0	0	0
Doherty, Tommy	Exeter City	M	4	1	0	0	0	0
Dunbavin, Ian	Accrington Stanley	G	0	0	0	0	0	0
Davis, Cain	Dagenham & Redbridge	G	0	0	0	0	0	0
Darwikwa, Tendayi	Chesterfield	M	23	13	3	1	4	0
Devitt, Jamie	Morecambe	M	23	7	2	4	2	0
Drummond, Stuart	Morecambe	M	17	3	0	1	1	0
D'Ath, Lawson	Dagenham & Redbridge	M	13	3	1	1	0	0
Diagne, Tony	Morecambe	D	23	7	1	0	0	0
Doherty, Gary	Wycombe Wanderers	D	9	3	0	0	0	0
Dickson, Chris	Dagenham & Redbridge	F	22	10	1	0	14	0
Doyle, Chris	Morecambe	D	1	1	0	0	0	0
Doe, Scott	Dagenham & Redbridge	F	8	1	1	0	0	0
Dyer, Jack	Burton Albion	D	0	0	0	0	0	0
Dunleavy, Daniel	Morecambe	M	0	0	0	0	0	0
Duke, Matt	Northampton Town	G	0	0	0	0	0	48
Dawson, Andy	Scunthorpe United	D	6	2	0	3	0	0
Dawson, Cameron	Plymouth Argyle	G	0	0	0	0	0	0
Davies, Scott	Oxford United	M	5	1	0	0	0	0
Duckworth, Michael	Hartlepool United	M	6	4	0	2	1	0
Dyer, Ross	Mansfield Town	F	5	3	2	0	5	0
Djeziri, Adda	Scunthorpe United	F	0	0	0	0	0	0
Deakin, Ian	Mansfield Town	G	0	0	0	0	0	0
Dunne, Charles	Wycombe Wanderers	D	9	2	0	0	0	0
Dempster, John	Mansfield Town	D	15	2	0	1	3	0
Dickenson, Ben	AFC Wimbledon	F	0	0	0	0	0	0
Done, Matt	Rochdale	M	14	7	0	5	6	0
Daniel, Colin	Mansfield Town	M	24	12	2	1	3	0
Davies, Scott	Fleetwood Town	M	0	0	0	1	0	17
Diamond, Alexander	Burton Albion	D	8	2	2	1	1	0
Dickenson, Brennan	Northampton Town	D	14	4	1	0	0	0
Deegan, Gary	Northampton Town	M	15	5	1	0	1	0
Dias, Claudio	Northampton Town	M	0	0	0	0	0	0
Dieseruvwe, Emmanuel	Fleetwood Town	F	0	0	0	0	1	0
Davies, Ben	York City	D	2	1	0	2	0	0
Devera, Joe	Portsmouth	D	13	3	0	0	0	0
Doumbe, Mathias	Northampton Town	D	16	5	3	1	0	0
Delap, Rory	Burton Albion	M	3	1	1	0	0	0
Edwards, Matthew	Rochdale	G	0	0	0	0	0	0
Edwards, Jack	Southend United 	M	0	0	0	0	0	0
Eastwood, Freddy	Southend United 	F	34	14	6	1	22	0
Egan, John	Southend United 	F	10	5	1	0	0	0
Eastham, Ashley	Rochdale	D	3	1	0	3	0	0
Evatt, Ian	Chesterfield	D	14	5	1	1	5	0
Ehui, Georges	Wycombe Wanderers	M	0	0	0	0	0	0
Edwards, Ryan	Chesterfield	D	7	1	0	0	0	0
Ellison, Kevin	Morecambe	M	79	36	10	0	26	0
East, Danny	Portsmouth	D	4	1	1	0	0	0
Ertl, Johannes	Portsmouth	D	5	1	0	0	0	0
Esajas, Etienne	Scunthorpe United	M	21	7	2	0	2	0
Evans, Gareth	Fleetwood Town	F	41	22	6	1	4	0
Edgar, Anthony	Dagenham & Redbridge	M	0	0	0	0	0	0
Elito, Medy	Dagenham & Redbridge	M	52	20	7	3	9	0
Elliott, Steve	Cheltenham Town	D	15	6	1	0	0	0
Edwards, Phil	Burton Albion	D	20	5	2	1	1	0
Edwards, Rob	Exeter City	D	0	0	0	0	0	0
Forrester, Anton	Bury	F	34	17	6	2	22	0
Futcher, Ben	Bury	D	0	0	0	0	0	0
Fogden, Wes	Portsmouth	M	14	7	2	0	1	0
Fletcher, Wes	York City	F	43	24	10	1	9	1
Fell, Jordan	Mansfield Town	G	0	0	0	0	0	0
Fortune, Jonathan	Dagenham & Redbridge	D	0	0	0	0	0	0
Fuller, Barry	AFC Wimbledon	M	9	1	0	2	3	0
Fleming, Andrew	Morecambe	M	45	15	2	4	3	0
Flynn, Michael	Newport County	M	28	10	3	2	1	0
Franks, Jonathan	Hartlepool United	M	45	16	5	0	9	0
Fenlon, Jim	AFC Wimbledon	D	9	4	0	0	3	0
Francomb, George	AFC Wimbledon	D	39	10	3	2	2	0
Fayers, Charlie	AFC Wimbledon	M	0	0	0	0	0	0
Frampton, Andy	AFC Wimbledon	M	16	7	4	1	0	0
Fontaine, Jean-Michel	Fleetwood Town	F	0	0	0	0	0	0
Foster, Danny	Wycombe Wanderers	D	0	0	0	0	0	0
Ferry, Simon	Portsmouth	M	2	1	1	0	0	0
Feely, Kevin	AFC Wimbledon	D	6	2	1	0	0	0
Fielding, Kristian	Newport County	M	0	0	0	0	0	0
Flinders, Scott	Hartlepool United	G	0	0	0	1	0	65
Foden, Mark	Hartlepool United	G	0	0	0	0	0	0
Gibbons, Robbie	Scunthorpe United	M	0	0	0	0	0	0
Gill, Matthew	Bristol Rovers	D	1	0	0	0	1	0
Godden, Matt	Scunthorpe United	F	1	1	0	0	0	0
Gosling, Jake	Exeter City	M	2	1	0	0	0	0
Grimes, Matt	Exeter City	M	42	14	1	2	2	0
Gray, Reece	Rochdale	M	0	0	0	0	0	0
Grimshaw, Liam	Morecambe	D	0	0	0	0	0	0
Gough, Connor	Bristol Rovers	G	0	0	0	0	0	0
Goodall, Alan	Fleetwood Town	D	3	2	0	1	0	0
Grant, Robert	Fleetwood Town	M	0	0	0	0	0	0
Gomis, Bedsente	Southend United 	D	0	0	0	0	0	0
Gray, David	Burton Albion	D	2	0	0	0	1	0
Gracco, Gianluca	Dagenham & Redbridge	F	0	0	0	0	0	0
Gornell, Terry	Cheltenham Town	F	48	24	3	0	20	0
Gray, James	Accrington Stanley	D	40	24	7	2	25	0
Green, Jake	Bristol Rovers	M	0	0	0	0	0	0
Gillespie, Steven	Cheltenham Town	F	12	4	1	0	6	0
Gow, Alan	Exeter City	F	61	20	7	3	13	1
Gayle, Ian	Dagenham & Redbridge	D	0	0	0	0	0	0
Gurrieri, Andres	Plymouth Argyle	M	27	8	1	2	1	0
Gregory, Jason	Mansfield Town	D	0	0	0	0	0	0
Grimes, Ashley	Bury	M	8	4	0	1	0	0
Gardner, Danny	Chesterfield	M	12	5	3	3	1	0
Gnanduillet, Armand	Chesterfield	F	54	23	5	4	18	0
Hery, Bastien	Rochdale	M	3	2	1	0	0	0
Harris, Neil	Southend United 	F	0	0	0	0	0	0
Henderson, Ian	Rochdale	F	62	21	11	3	29	0
Harness, Marcus	Burton Albion	M	1	1	0	0	0	0
Hemmings, Ashley	Burton Albion	F	1	0	0	0	3	0
Hogan, Liam	Fleetwood Town	D	5	2	0	0	1	0
Hayhurst, William	York City	M	15	8	2	2	5	0
Howe, Rene	Burton Albion	F	26	13	4	2	16	0
Henly, Jonathan	Oxford United	G	0	0	0	0	0	0
Hogan, David	Dagenham & Redbridge	G	0	0	0	0	0	0
Hines, Zavon	Dagenham & Redbridge	M	49	20	6	5	7	0
Hannah, Andrew	Plymouth Argyle	G	0	0	0	0	0	0
Harvey, Tyler	Plymouth Argyle	F	10	6	1	1	2	0
Hawkins, Jack	Mansfield Town	M	0	0	0	0	0	0
Hinds, Richard	Bury	D	2	2	1	0	0	0
Holden, Euan	Bury	D	1	0	0	0	0	0
Hutchinson, Ben	Mansfield Town	F	13	5	2	3	0	0
Howell, Dean	Fleetwood Town	M	1	1	0	0	0	0
Hughes, Jeff	Fleetwood Town	D	41	12	3	2	5	0
Hornsey, Luke	Scunthorpe United	M	0	0	0	0	0	0
Hughes, Mark	Scunthorpe United	M	0	0	0	0	0	0
Hume, Iain	Fleetwood Town	F	7	7	1	1	8	0
Hollands, Danny	Portsmouth	M	12	7	6	0	1	0
Holmes, Ricky	Portsmouth	F	41	17	2	10	9	0
Hughes, Matty	Fleetwood Town	D	3	2	0	0	0	0
Hall, Freddy	Burton Albion	G	0	0	0	0	0	0
Hughes, Andrew	Newport County	D	10	5	2	0	0	0
Hogan, Scott	Rochdale	D	54	34	17	0	16	0
Holness, Marcus	Burton Albion	D	4	1	0	0	0	0
Hunt, Nicky	Accrington Stanley	D	8	1	0	2	0	0
Hunt, David	Oxford United	M	13	2	0	2	1	0
Hatfield, Will	Accrington Stanley	M	19	9	0	0	1	0
Hazeldine, Max	Accrington Stanley	M	0	0	0	0	0	0
Hamon, James	Exeter City	G	0	0	0	0	0	0
Hurst, Kevan	Southend United 	M	71	32	11	15	13	0
Healy, David	Bury	F	0	0	0	0	0	0
Hughes, Mark	Morecambe	D	24	11	5	1	4	0
Hird, Sam	Chesterfield	D	10	6	2	1	1	0
Holden, Darren	Hartlepool United	D	4	1	0	1	1	0
Hacker, Luke	Northampton Town	M	72	30	8	2	21	0
Humphreys, Ritchie	Chesterfield	M	12	2	2	5	0	0
Harrison, Scott	Bury	M	1	0	0	0	0	0
Hawkins, Lewis	Hartlepool United	M	0	0	0	0	0	0
Harewood, Marlon	Hartlepool United	F	15	7	3	0	12	1
Howell, Luke	Dagenham & Redbridge	D	27	11	4	2	4	0
Hoyte, Gavin	Dagenham & Redbridge	D	4	1	0	2	0	0
Hope, Hallam	Bury	M	20	9	6	1	7	0
Herbel, Ryan	AFC Wimbledon	M	0	0	0	0	0	0
Hussey, Chris	Bury	D	40	20	3	4	13	0
Heath, Ben	Northampton Town	G	0	0	0	0	0	0
Hylton, Daniel	Bury	F	44	22	5	1	22	0
Horwood, Evan	Northampton Town	D	2	1	0	1	0	0
Hackett, Chris	Northampton Town	M	35	10	2	3	15	0
Hornby, Lewis	Northampton Town	M	0	0	0	0	0	0
Harper-Penman, Jed	Plymouth Argyle	M	0	0	0	0	0	0
Hourihane, Conor	Plymouth Argyle	M	79	29	8	3	3	0
Harrison, Lee	Wycombe Wanderers	G	0	0	0	0	0	0
Hall, Paris	Wycombe Wanderers	M	19	12	4	0	12	0
Howell, Anthony	Mansfield Town	D	12	6	3	0	1	0
Howe, Callum	Scunthorpe United	D	0	0	0	0	0	0
Hunter, Shaquille	Bristol Rovers	M	0	0	0	0	0	0
Harding, Mitch	Bristol Rovers	F	2	0	0	0	0	0
Harrison, Ellis	Bristol Rovers	F	19	5	1	2	4	0
Harrold, Matt	Bristol Rovers	F	30	11	5	0	11	1
Horlock, Charlie	Wycombe Wanderers	G	0	0	0	0	0	0
Hanks, Joe	Cheltenham Town	M	1	0	0	1	1	0
Harrison, Byron	Cheltenham Town	M	60	28	13	5	28	0
Hawkridge, Terry	Scunthorpe United	D	31	12	1	8	3	0
Hayes, Paul	Plymouth Argyle	F	19	12	4	1	6	1
Ihiekwe, Michael	Cheltenham Town	D	2	0	0	0	0	0
Ighorae, Emmanuel	Wycombe Wanderers	M	0	0	0	0	0	0
Ilesanmi, Oluwafemi	Dagenham & Redbridge	D	4	0	0	0	0	0
Ismail, Zeli	Burton Albion	M	15	6	3	2	2	0
Ingram, Matt	Wycombe Wanderers	G	1	1	0	1	0	37
Inniss, Ryan	Cheltenham Town	D	0	0	0	0	0	0
Ingham, Michael	York City	G	0	0	0	1	0	10
Jeffers, Sean	Newport County	F	6	3	0	0	2	0
Jones, Dan	Hartlepool United	D	0	0	0	0	0	0
Jombarti, Sido	Cheltenham Town	D	8	5	1	1	1	0
Jeffrey, Anthony	Wycombe Wanderers	M	3	1	0	0	0	0
Jenkins, James	Accrington Stanley	M	0	0	0	0	0	0
Jarvis, Ryan	York City	F	35	17	8	2	10	0
James, Luke	Hartlepool United	M	59	26	11	3	11	0
Johnson, Leon	Wycombe Wanderers	D	3	1	1	0	1	0
Jay, Matt	Exeter City	F	1	1	0	0	0	0
Jones, Darren	AFC Wimbledon	D	7	2	1	0	0	0
James, Tony	Newport County	D	0	0	0	0	0	0
Jennings, James	Mansfield Town	D	25	10	4	4	1	0
Jacquart, Chace	AFC Wimbledon	M	0	0	0	0	0	0
Jordan, Stephen	Fleetwood Town	D	0	0	0	1	0	0
Joyce, Luke	Accrington Stanley	M	18	5	1	1	1	0
Jensen, Brian	Bury	G	0	0	0	0	0	47
Johnson, Damien	Fleetwood Town	M	0	0	0	0	0	0
Jervis, Jake	Portsmouth	F	17	8	4	0	11	0
Jackson, Ryan	Newport County	D	8	1	0	4	1	0
Jolley, Christian	Newport County	M	30	10	2	1	14	0
Jones, Craig	Bury	M	13	5	1	6	5	0
Kearns, Daniel	Chesterfield	F	6	2	0	1	2	0
Kelly, Reece	Rochdale	M	0	0	0	0	0	0
Kennedy, Jason	Rochdale	M	2	1	0	0	0	0
Kinsella, Gerard	Fleetwood Town	M	0	0	0	0	0	0
Kee, Billy	Burton Albion	F	92	44	12	3	13	1
Knowles, Dominic	Burton Albion	F	21	7	3	0	5	0
Kitson, Dave	Oxford United	F	32	15	4	3	18	0
Knott, Billy	Wycombe Wanderers	M	21	10	2	1	0	0
Kenyon, Alex	Morecambe	M	25	8	0	0	1	0
Keohane, Jimmy	Exeter City	M	29	15	3	0	3	0
Kennedy, Callum	AFC Wimbledon	D	6	1	0	3	1	0
Kewley-Graham, Jesse	Wycombe Wanderers	M	0	0	0	0	0	0
Kuffour, Jo	Wycombe Wanderers	F	8	5	3	1	5	0
Keary, Pat	Bristol Rovers	D	1	0	0	0	0	0
Kotwica, Zack	Cheltenham Town	F	3	1	0	0	1	0
Kretzschmar, Max	Wycombe Wanderers	M	35	17	6	4	2	0
Krysiak, Artur	Exeter City	G	0	0	0	0	0	56
Keegan, Jordan	Scunthorpe United	F	0	0	0	0	0	0
Lillis, Josh	Rochdale	G	0	0	0	1	0	48
Lancashire, Oliver	Rochdale	D	15	4	0	0	0	0
Logan, Richard	Wycombe Wanderers	F	0	0	0	0	0	0
Lynch, Craig	Rochdale	F	2	1	0	0	1	0
Lucas, David	Fleetwood Town	G	0	0	0	0	0	0
Lynn, David	Oxford United	D	0	0	0	0	0	0
Long, Sam	Oxford United	M	1	1	0	0	0	0
Lyness, Dean	Burton Albion	G	0	0	0	0	0	29
Leonard, Ryan	Southend United 	D	58	24	5	1	0	0
Lucas, Lee	Cheltenham Town	M	0	0	0	0	0	0
Laird, Marc	Southend United 	M	6	0	0	1	0	0
Lucas, Jamie	Bristol Rovers	F	0	0	0	0	0	0
Lund, Matthew	Rochdale	M	69	28	8	3	1	0
Lainton, Robert	Bury	G	0	0	0	0	0	12
Langmead, Kelvin	Northampton Town	F	2	2	0	0	1	0
Lewis, Stuart	Wycombe Wanderers	M	23	10	3	1	0	0
Lee, Kenzer	Oxford United	D	0	0	0	0	0	0
Liddle, Michael	Accrington Stanley	D	3	0	0	0	0	0
Leven, Peter	Oxford United	M	0	0	0	0	0	0
Lockyer, Tom	Bristol Rovers	M	12	8	1	0	0	0
Lewington, Chris	Dagenham & Redbridge	G	0	0	0	1	0	66
Lecointe, Matt	Plymouth Argyle	F	0	0	0	0	0	0
Lane, Ryan	Plymouth Argyle	M	0	0	0	0	0	0
Lee, Tommy	Chesterfield	G	0	0	0	0	0	51
Lowe, Keith	Cheltenham Town	D	17	7	2	1	2	0
Mwasile, Joe	Morecambe	M	7	3	0	0	0	0
Martin, Oliver	Fleetwood Town	G	0	0	0	0	0	0
Maxwell, Chris	Fleetwood Town	G	0	0	0	0	0	27
Mawene, Youl	Fleetwood Town	D	0	0	0	0	0	0
Marrow, Alex	Fleetwood Town	M	4	3	1	1	0	0
McKenna, Paul	Fleetwood Town	M	0	0	0	0	0	0
McLaughlin, Conor	Fleetwood Town	D	12	4	0	3	0	0
McChrystal, Mark	Bristol Rovers	D	8	2	0	0	0	0
MacDonald, Alexander	Burton Albion	D	43	9	0	2	3	0
McCrory, Damien	Burton Albion	M	17	8	1	1	3	0
McFadzean, Callum	Chesterfield	F	6	4	1	1	1	0
McGurk, Adam	Burton Albion	F	94	33	9	2	24	0
Matt, Jamille	Fleetwood Town	F	29	16	8	0	20	0
McCombe, John	Mansfield Town	D	12	6	5	0	1	0
McGurk, David	York City	D	5	3	1	0	1	0
Minshull, Lee	Newport County	M	37	10	4	2	3	0
Mitchell, Liam	Mansfield Town	G	0	0	0	0	0	0
McDonald, Shaquille	York City	F	0	0	0	0	0	0
Mirfin, David	Scunthorpe United	D	19	7	2	0	1	0
Marsh, Tyrone	Oxford United	M	1	1	0	0	1	0
Meades, Jonathan	Oxford United	M	0	0	0	0	0	0
Mingoia, Piero	Accrington Stanley	M	18	9	1	1	3	0
McCormick, Luke	Plymouth Argyle	G	0	0	0	0	0	19
Monkhouse, Andy	Hartlepool United	M	46	18	4	2	12	0
McGlashan, Jermaine	Cheltenham Town	M	52	16	4	3	13	0
Marriott, Alan	Mansfield Town	G	0	0	0	0	0	49
McGuire, Jamie	Mansfield Town	D	24	8	2	1	0	0
Moore-Taylor, Jordan	Exeter City	D	4	1	1	1	0	0
Meikle, Lindon	Mansfield Town	F	9	4	1	0	1	0
Morris, Josh	Fleetwood Town	D	15	3	2	3	1	0
Mills, Pablo	Bury	D	8	3	0	0	0	0
Mandron, Mikael	Fleetwood Town	F	4	2	1	2	1	0
McIntyre, Robbie	Bury	D	0	0	0	0	0	0
Maloney, Jack	Portsmouth	F	0	0	0	0	0	0
Morgan, Marvin	Plymouth Argyle	F	14	8	1	0	17	0
McLoughlin, Ian	Newport County	G	0	0	0	0	0	17
Miller, George	Accrington Stanley	M	1	0	0	0	0	0
McCartan, Shay	Accrington Stanley	F	11	5	1	1	2	0
Murray, Adam	Mansfield Town	M	7	4	1	0	1	0
Murphy, Peter	Accrington Stanley	D	45	19	9	2	6	0
McCready, Chris	Morecambe	D	1	0	0	0	0	0
McGee, Joe	Morecambe	M	5	0	0	0	1	0
McGowan, Aaron	Morecambe	M	0	0	0	0	0	0
Morias, Junior	Wycombe Wanderers	F	2	1	0	0	0	0
Marshall, Marcus	Morecambe	F	4	2	0	0	1	0
Moore, Sammy	AFC Wimbledon	M	30	14	4	2	1	0
Mezague, Valery	Bury	M	0	0	0	0	0	0
Midson, Jack	AFC Wimbledon	F	38	15	7	0	21	0
McNamara, Ben	Northampton Town	G	0	0	0	0	0	0
Marquis, John	Torquay United	D	44	23	6	0	31	0
McClure, Matt	Wycombe Wanderers	M	38	14	7	3	22	0
Marsden, Liam	Mansfield Town	D	0	0	0	0	0	0
Mohamed, Kaid	AFC Wimbledon	F	44	15	5	3	0	0
Moore, Luke	AFC Wimbledon	F	21	12	3	2	6	0
McAllister, Sean	Scunthorpe United	M	17	5	0	1	2	0
McSweeney, Leon	Northampton Town	M	3	1	0	1	0	0
McCoy, Marvin	Wycombe Wanderers	D	8	1	0	1	0	0
Murphy, Rhys	Dagenham & Redbridge	F	69	32	13	1	51	0
Montrose, Lewis	York City	D	25	8	1	0	0	0
McLaughlin, Dalton	Bury	D	0	0	0	0	0	0
McNulty, Jim	Bury	D	2	0	0	0	1	0
Mustoe, Jordan	Wycombe Wanderers	M	3	1	0	0	0	0
Mason, Cameron	Chesterfield	G	0	0	0	0	0	0
Melia, Jordan	Bury	D	0	0	0	0	0	0
Morte, Luis	Chesterfield	M	0	0	0	0	0	0
Morsy, Sam	Chesterfield	M	25	7	1	0	1	0
Moyo, David	Northampton Town	D	3	0	0	0	2	0
Morgan, David	Chesterfield	F	0	0	0	0	0	0
Mildenhall, Steve	Bristol Rovers	G	1	0	0	0	1	52
Mullins, Johnny	Oxford United	D	23	10	3	0	0	0
Molyneux, Lee	Rochdale	D	29	11	6	5	2	0
Mayor, Danny	Bury	M	43	18	5	8	1	0
Murdoch, Stuart	Fleetwood Town	M	17	6	0	1	0	0
Miller, Tommy	Bury	M	9	4	0	1	0	0
Morris, Aaron	AFC Wimbledon	D	4	0	0	1	0	0
Murray, Cameron	York City	M	0	0	0	0	0	0
McSheffrey, Gary	Chesterfield	M	22	5	1	4	2	1
Morris, Ian	Northampton Town	M	22	5	3	3	6	0
Murphy, Jacob	Southend United 	M	5	1	1	1	2	0
Madden, Patrick	Scunthorpe United	F	34	14	5	2	16	0
McCartney, Luke	Bury	F	0	0	0	0	0	0
McGinty, Sean	Northampton Town	D	0	0	0	0	0	0
Morgan, Dean	Wycombe Wanderers	M	37	16	8	0	24	0
Moutaouakil, Yassin	Portsmouth	D	0	0	0	2	2	0
Naismith, Kal	Accrington Stanley	M	65	23	10	0	8	0
Nolan, Eddie	Scunthorpe United	D	20	3	0	2	5	0
Nicholls, Tom	Exeter City	F	43	22	6	3	24	0
Noble, David	Cheltenham Town	M	19	6	0	1	0	0
Newey, Tom	Oxford United	D	6	3	1	2	4	0
Naylor, Alex	Morecambe	M	0	0	0	0	0	0
Nelson, Curtis	Plymouth Argyle	D	18	7	1	1	0	0
Nesbitt, Teddy	Southend United 	D	0	0	0	0	0	0
Nicholson, Jake	AFC Wimbledon	M	1	1	1	0	0	0
Nightingale, Will	AFC Wimbledon	M	0	0	0	0	0	0
Nasseri, David	Bury	M	0	0	0	0	0	0
Nardiello, Daniel	Bury	F	48	28	11	2	38	0
Ngala, Bondz	Portsmouth	F	15	5	3	0	0	0
Naylor, Tom	Newport County	D	22	8	1	0	0	0
Nicholls, Alex	Northampton Town	F	0	0	0	0	0	0
Nouble, Jon	Dagenham & Redbridge	F	0	0	0	0	0	0
Norburn, Oliver	Bristol Rovers	M	14	3	0	1	0	0
Odejayi, Kayode	Accrington Stanley	F	28	14	8	0	27	0
Oakley, Matt	Exeter City	M	18	2	0	1	1	0
O'Flynn, John	Exeter City	F	32	13	4	2	22	0
O'Connell, Jack	Rochdale	M	8	2	0	2	0	0
Ollerenshaw, Josh	Fleetwood Town	G	0	0	0	0	0	0
O'Dowda, Callum	Oxford United	M	5	0	0	1	0	0
Oshilaja, Adedeji	Newport County	D	0	0	0	0	0	0
Oliver, Connor	Hartlepool United	M	4	0	0	0	0	0
Osano, Curtis	AFC Wimbledon	D	0	0	0	0	0	0
Oakley, George	AFC Wimbledon	F	0	0	0	0	0	0
O'Shea, James	Chesterfield	F	77	31	9	4	5	0
O'Toole, John-Joe	Bristol Rovers	M	61	26	12	1	6	0
Ogogo, Abu	Dagenham & Redbridge	M	34	15	8	3	1	0
Oyebanjo, Lanre	York City	D	28	7	0	1	0	0
Obafemi, Afolabi	Dagenham & Redbridge	F	12	4	2	2	2	0
O'Neill, Luke	York City	D	17	1	1	3	0	0
Obadeyi, Temitope	Plymouth Argyle	F	10	4	1	0	4	0
O'Connor, Aaron	Newport County	F	3	2	1	0	2	0
Platt, Clive	Northampton Town	F	22	11	3	3	10	0
Pyn, Christy	Exeter City	G	0	0	0	0	0	16
Parkin, Sam	Exeter City	F	18	6	2	0	15	0
Potts, Daniel	Portsmouth	D	0	0	0	0	0	0
Parrish, Andy	Morecambe	D	1	0	0	0	0	0
Porter, George	AFC Wimbledon	M	20	6	0	2	11	0
Purrington, Ben	Plymouth Argyle	D	0	0	0	1	0	0
Pickford, Jordan	Burton Albion	G	0	0	0	0	0	0
Padovani, Romain	Portsmouth	M	11	2	1	0	0	0
Pond, Nathan	Fleetwood Town	M	23	8	1	1	1	0
Parkin, Jon	Fleetwood Town	F	44	17	7	3	27	0
Poole, James	Hartlepool United	F	48	20	3	0	0	0
Pidgeley, Lenny	Newport County	G	0	0	0	0	0	26
Poole, Kevin	Burton Albion	G	0	0	0	0	0	0
Paterson, James	Bristol Rovers	M	0	0	0	0	0	0
Payne, Jack	Southend United 	D	6	2	0	0	0	0
Prosser, Luke	Southend United 	D	8	4	3	0	0	0
Pell, Harry	AFC Wimbledon	M	42	14	4	0	1	1
Pinnock, Mitch	Southend United 	M	0	0	0	0	0	0
Puri, Sander	York City	M	4	2	0	0	0	0
Patten, Kyle	Newport County	M	0	0	0	0	0	0
Phillips, Jimmy	Burton Albion	M	43	19	2	4	7	0
Pope, Nick	York City	G	0	0	0	0	0	54
Parslow, Daniel	York City	D	3	2	0	0	0	0
Pierre, Aaron	Wycombe Wanderers	D	5	2	1	0	1	0
Palmer, Matthew	Burton Albion	M	28	7	0	1	2	0
Penn, Russell	Cheltenham Town	M	23	4	0	1	2	0
Platt, Tom	York City	M	4	0	0	0	0	0
Pittman, Jon-Paul	Wycombe Wanderers	F	6	4	0	0	0	0
Parkes, Tom	Bristol Rovers	D	23	3	1	1	1	0
Potter, Alfie	Oxford United	M	15	6	4	0	4	0
Price, Lewis	Mansfield Town	G	0	0	0	0	0	14
Palmer, Oliver	Mansfield Town	F	32	15	4	1	17	0
Parsons, Matthew	Plymouth Argyle	D	6	0	0	0	4	0
Picken, Phil	Bury	D	0	0	0	0	0	0
Poscha, Marcus	Bury	D	0	0	0	0	0	0
Painter, Marcos	Portsmouth	D	3	2	0	1	0	0
Perry, Joe	Newport County	G	0	0	0	0	0	0
Parish, Elliot	Newport County	G	0	0	0	0	0	10
Pipe, David	Newport County	M	8	2	0	1	1	0
Porter, Max	Newport County	M	12	4	1	0	0	0
Pratt, Tom	Bury	M	0	0	0	0	0	0
Parker, Joe	Newport County	F	0	0	0	0	0	0
Procter, Andrew	Bury	M	19	8	2	0	1	0
Richards, Matthew	Cheltenham Town	D	38	17	6	2	1	2
Racon, Therry	Portsmouth	M	10	5	0	0	0	0
Reed, Adam	Burton Albion	D	19	11	1	1	3	0
Rivers, Harvey	Cheltenham Town	G	0	0	0	0	0	0
Reid, Jamie	Exeter City	F	5	2	0	0	2	0
Richards, Elliot	Bristol Rovers	F	68	19	6	1	11	0
Richards, Marc	Chesterfield	M	53	23	9	2	20	1
Roberts, Gary	Chesterfield	M	65	27	11	10	12	0
Roche, Barry	Morecambe	G	0	0	0	0	0	61
Richardson, Michael	Accrington Stanley	F	12	2	0	0	0	0
Riley, Martin	Mansfield Town	D	7	2	1	1	0	0
Raynes, Michael	Oxford United	D	10	2	0	1	1	1
Ribeiro, Christian	Scunthorpe United	D	3	0	0	1	1	0
Richards, Jamie	Plymouth Argyle	D	0	0	0	0	0	0
Rafferty, Andy	Hartlepool United	G	0	0	0	0	0	4
Rowbotham, Josh	Hartlepool United	D	0	0	0	0	0	0
Reid, Reuben	Plymouth Argyle	M	109	51	15	3	32	0
Rigg, Sean	Oxford United	M	26	12	2	2	5	0
Roofe, Kemar	Cheltenham Town	M	14	4	1	1	2	0
Richards, Jordan	Hartlepool United	M	5	2	0	0	1	0
Rowe, Daniel	Wycombe Wanderers	M	2	1	0	0	0	0
Richards, Tom	AFC Wimbledon	M	0	0	0	2	1	0
Redmond, Shane	Mansfield Town	G	0	0	0	0	0	0
Rafferty, Joe	Rochdale	D	4	1	0	0	0	0
Rose, Michael	Rochdale	D	41	14	4	3	3	0
Roddan, Craig	Accrington Stanley	M	0	0	0	0	0	0
Roberts, Gary	Mansfield Town	M	0	0	0	0	0	0
Rhead, Matthew	Mansfield Town	F	60	33	6	3	25	0
Roberts, Connor	Cheltenham Town	G	0	0	0	0	0	0
Roberts, Mark	Fleetwood Town	D	14	8	3	0	1	0
Regan, Carl	Bury	D	0	0	0	0	0	0
Robertson, Gregor	Northampton Town	D	0	0	0	0	0	0
Rodney, Nialle	Hartlepool United	F	3	0	0	0	2	0
Ravenhill, Richard	Northampton Town	M	4	0	0	1	0	0
Redman, Ellis	Newport County	D	0	0	0	0	0	0
Richardson, Barry	Wycombe Wanderers	G	0	0	0	0	0	0
Rutherford, Greg	Hartlepool United	M	0	0	0	0	0	0
Ryan, James	Chesterfield	M	46	15	2	4	0	0
Rose, Daniel	Oxford United	M	30	12	4	4	0	0
Ruffles, Josh	Oxford United	M	19	6	1	0	0	0
Roberts, James	Oxford United	F	0	0	0	0	0	0
Redshaw, Jack	Morecambe	F	36	20	8	2	18	0
Sarcevic, Antoni	Fleetwood Town	M	84	41	13	5	8	0
Schumacher, Steven	Fleetwood Town	M	31	10	5	2	1	1
Smith, Ted	Southend United 	G	0	0	0	0	0	0
Sokolik, Jakub	Southend United 	M	2	0	0	0	2	0
Sharps, Ian	Burton Albion	D	22	11	1	1	1	0
Slade, Liam	Burton Albion	D	0	0	0	0	0	0
Shama, Josh	Oxford United	M	0	0	0	0	0	0
Smalley, Deane	Oxford United	F	26	10	7	1	17	1
Seabright, Jordan	Dagenham & Redbridge	G	0	0	0	0	0	5
Saah, Brian	Dagenham & Redbridge	D	10	4	0	1	2	0
Silva, Toni	Dagenham & Redbridge	M	0	0	0	0	0	0
Saunders, Matthew	Dagenham & Redbridge	M	0	0	0	0	0	0
Samuel, Dominic	Dagenham & Redbridge	F	0	0	0	0	0	0
Shields, Sean	Dagenham & Redbridge	F	1	0	0	0	2	0
Sparrow, Matthew	Scunthorpe United	M	12	5	3	1	1	0
Showunmi, Enoch	Torquay United	F	8	0	0	0	5	0
Speight, Jake	Mansfield Town	F	6	5	1	0	5	0
Sedgwick, Chris	Bury	M	11	5	2	6	2	0
Soares, Tom	Bury	M	40	16	6	1	9	0
Smith, Phil	Portsmouth	G	0	0	0	1	0	0
Shorey, Nicky	Portsmouth	D	3	1	0	0	0	0
Stephenson, Jamie	Newport County	M	0	0	0	0	0	0
Sandell, Andrew	Newport County	F	23	8	3	0	0	1
Slocombe, Sam	Scunthorpe United	G	0	0	0	0	0	48
Sercombe, Liam	Exeter City	M	68	26	5	1	3	0
Smith, Paul	Southend United 	G	0	0	0	0	0	0
Short, James	Morecambe	D	0	0	0	0	0	0
Sampson, Jack	Morecambe	F	56	23	5	3	23	0
Straker, Anthony	Southend United 	D	23	9	2	1	5	0
Smith, Connor	Hartlepool United	M	0	0	0	0	0	0
Syers, Dave	Scunthorpe United	M	67	29	10	1	5	0
Spicer, John	Southend United 	M	0	0	0	0	0	0
Strutton, Charlie	AFC Wimbledon	D	2	2	0	0	1	0
Sweeney, Daniel	AFC Wimbledon	D	0	0	0	0	0	0
Sturrock, Blair	Southend United 	F	0	0	0	0	0	0
Sainte-Luce, Kevin	AFC Wimbledon	M	5	3	1	1	5	0
Sweeney, Peter	AFC Wimbledon	M	9	3	0	1	1	0
Scully, Josh	Chesterfield	M	0	0	0	0	0	0
Smith, Nathan	Chesterfield	M	4	0	0	0	1	0
Snedker, Dean	Northampton Town	G	0	0	0	0	0	0
Siddiqi, Kashif	Northampton Town	D	0	0	0	0	0	0
Sinclair, Emile	Northampton Town	F	24	5	2	1	15	0
Stewart, Anthony	Wycombe Wanderers	D	19	8	3	0	0	0
Scowen, Josh	Wycombe Wanderers	M	23	6	1	4	3	0
Spring, Matthew	Wycombe Wanderers	M	6	3	0	0	0	0
Svard, Sebastian	Wycombe Wanderers	M	0	0	0	0	0	0
Symes, Michael	Burton Albion	F	15	3	2	0	8	0
Styche, Reece	Wycombe Wanderers	F	7	3	0	0	7	0
Southway, Josh	Bristol Rovers	D	0	0	0	0	0	0
Santos, Alfie	Bristol Rovers	M	6	3	1	1	1	0
Smith, Michael	Bristol Rovers	F	22	9	0	3	1	0
Severn, James	Scunthorpe United	G	0	0	0	0	0	0
Swan, Matthew	Newport County	G	0	0	0	0	0	0
Siegrist, Benjamin	Burton Albion	G	0	0	0	0	0	0
Sweeney, Antony	Hartlepool United	M	5	3	0	0	1	0
Sutton, Ritchie	Mansfield Town	D	8	4	0	0	0	0
Stevenson, Lee	Mansfield Town	M	35	15	5	0	6	0
Sullivan, John	Portsmouth	G	0	0	0	0	0	0
Taylor, Charlie	Fleetwood Town	F	18	3	0	2	1	0
Thewlis, Christian	Fleetwood Town	G	0	0	0	0	0	0
Tafazolli, Ryan	Mansfield Town	D	14	4	2	0	0	0
Thomas, Jack	Mansfield Town	M	0	0	0	0	0	0
Thompson, Adam	Southend United 	D	3	1	0	1	0	0
Timlin, Michael	Southend United 	D	27	13	2	3	7	0
Tyorio, Mozefh	Fleetwood Town	M	0	0	0	0	0	0
Tutte, Andrew	Rochdale	M	36	12	3	1	2	0
Taft, George	York City	D	1	1	0	0	0	0
Triggs, Liam	Portsmouth	D	0	0	0	0	0	0
Taylor, Ryan	Portsmouth	F	22	12	5	4	9	1
Thomson, Robbie	Rochdale	G	0	0	0	0	0	0
Tanser, Scott	Rochdale	D	0	0	0	0	0	0
Tillson, Jordan	Exeter City	D	0	0	0	0	0	0
Threlfall, Robbie	Morecambe	D	11	2	2	2	0	0
Turgott, Blair	Dagenham & Redbridge	M	4	1	0	0	1	0
Trotman, Neal	Plymouth Argyle	D	24	5	2	1	1	0
Tarduck, Bradley	Portsmouth	M	0	0	0	0	0	0
Tozer, Ben	Northampton Town	D	3	1	0	0	1	0
Toney, Ivan	Northampton Town	F	13	5	3	1	3	0
Thomas, Nathan	Plymouth Argyle	M	4	2	0	2	1	0
Taylor, Olly	Wycombe Wanderers	F	0	0	0	0	0	0
Thomas, Dominic	Bristol Rovers	D	0	0	0	0	0	0
Taylor, Jason	Cheltenham Town	M	16	6	2	1	2	0
Togwell, Sam	Wycombe Wanderers	M	2	0	0	0	0	0
Talbot, Drew	Chesterfield	F	3	2	0	0	0	0
Velez, Guillaume	Newport County	F	0	0	0	0	0	0
Vassel, Issac	Plymouth Argyle	F	0	0	0	0	0	0
Vidal, Javan	Rochdale	D	1	0	0	0	0	0
Vincenti, Peter	Rochdale	D	43	15	5	7	6	0
Vincent, Ashley	Cheltenham Town	F	17	6	2	0	3	0
Waterfall, Luke	Scunthorpe United	D	2	2	1	0	0	0
Webber, Danny	Accrington Stanley	F	19	12	3	3	12	1
Watson, Ryan	Accrington Stanley	M	0	0	0	0	0	0
Welsh, Andrew	Scunthorpe United	M	0	0	0	0	0	0
Williams, Marcus	Scunthorpe United	D	4	1	0	2	0	0
Watkins, Ollie	Exeter City	F	1	0	0	0	0	0
Wheeler, David	Exeter City	F	32	8	3	3	5	0
Watson, Luke	Rochdale	M	0	0	0	0	0	0
Williams, Ryan	Morecambe	D	30	11	3	2	4	0
Windass, Josh	Accrington Stanley	M	7	3	0	2	1	0
Wallace, Jed	Portsmouth	M	63	20	7	2	4	0
Winnall, Sam	Scunthorpe United	F	98	55	23	5	69	0
Woodards, Dan	Bristol Rovers	D	1	1	1	0	0	0
Walton, Simon	Hartlepool United	M	28	9	3	2	0	0
Warner, Ross	AFC Wimbledon	D	1	1	0	0	0	64
White, John	Southend United 	D	20	5	1	5	0	0
Whittaker, Tim	Chesterfield	D	0	0	0	0	0	0
Weir, Robbie	Burton Albion	M	44	10	2	3	1	0
Wright, Andrew	Morecambe	M	10	2	0	2	1	0
Waddle, Jack	Chesterfield	M	0	0	0	0	0	0
Wafula, Jonathan	Chesterfield	F	0	0	0	0	0	0
Wootton, Jamie	Scunthorpe United	F	0	0	0	0	0	0
Wood, Sam	Wycombe Wanderers	M	29	10	2	5	1	0
Winnard, Dean	Accrington Stanley	D	5	2	2	0	0	0
Whing, Andrew	Oxford United	D	9	4	0	0	0	0
Wright, Jake	Oxford United	D	2	0	0	0	0	0
Wright, Joe	Hartlepool United	D	0	0	0	0	0	0
Woodman, Craig	Exeter City	D	9	4	1	5	0	0
Williams, Ryan	Oxford United	M	36	13	7	3	9	0
Wilkinson, Luke	Dagenham & Redbridge	D	12	3	0	1	0	0
Walker, Brad	Hartlepool United	M	43	22	3	0	0	0
Williams, Harry	Cheltenham Town	M	0	0	0	0	0	0
Williams, Sam	Dagenham & Redbridge	F	0	0	0	0	0	0
Woodrow, Cauley	Southend United 	F	30	15	2	1	19	0
Williams, Robbie	Plymouth Argyle	M	0	0	0	0	0	0
Wotton, Paul	Plymouth Argyle	M	5	1	0	0	0	0
Woods, Tom	Morecambe	F	0	0	0	0	0	0
Worley, Harry	Newport County	D	20	9	4	0	1	0
William, William	AFC Wimbledon	M	0	0	0	0	0	0
Westlake, Darryl	Mansfield Town	D	11	4	0	1	1	0
Wroe, Nicky	Oxford United	M	15	4	2	0	0	0
Williams, Jason	Southend United 	F	1	1	0	0	0	0
Wyke, Charlie	AFC Wimbledon	F	18	7	2	1	5	0
Willmott, Robbie	Newport County	M	40	15	3	7	2	0
Walker, Regan	Bury	F	2	0	0	0	1	0
Webster, Adam	Portsmouth	G	2	2	2	0	0	0
Whatmaugh, Jack	Portsmouth	M	7	1	0	0	0	0
Widdowson, Joe	Northampton Town	D	1	0	0	0	0	0
Wilson, Lawrence	Accrington Stanley	D	6	3	0	2	0	0
Young, Lewis	Bury	F	1	0	0	0	0	0
Youga, Kelly	AFC Wimbledon	D	0	0	0	0	0	0
Young, Luke	Plymouth Argyle	D	35	13	4	2	0	0
Yakubu, Ismail	Newport County	D	10	6	3	0	0	0
Zebroski, Chris	Newport County	F	73	28	12	2	14	0
Beeley, Shaun	Bury	D	0	0	0	0	0	0
Roberts, Gareth	Bury	D	1	0	0	0	0	0
Harrad, Shaun	Bury	F	16	5	0	1	6	0
Lockwood, Adam	Bury	D	0	0	0	0	0	0
Rooney, John	Bury	M	2	0	0	0	0	0
Jackson, Marlon	Bury	F	3	3	1	0	0	0
Reindorf, Jessy	Bury	F	4	1	1	0	3	0
Chapman, Aaron	Chesterfield	G	0	0	0	0	0	0
Smith, Nathan	Chesterfield	D	0	0	0	0	0	0
Brown, Matty	Chesterfield	F	1	1	1	0	0	0
Taylor, Jason	Cheltenham Town	M	0	0	0	0	0	0
Brown, Junior	Fleetwood Town	M	19	7	1	1	3	0
Crowther, Ryan	Fleetwood Town	M	4	2	0	0	0	0
Scott, Joshua	Dagenham & Redbridge	F	10	3	1	0	1	0
Reed, Jake	Dagenham & Redbridge	D	0	0	0	0	0	0
Woodall, Brian	Dagenham & Redbridge	M	8	3	1	0	0	0
Dennis, Louis	Dagenham & Redbridge	F	0	0	0	0	0	0
Bittner, James	Newport County	G	0	0	0	0	0	0
Carver, Markus	Accrington Stanley	M	2	0	0	0	0	0
Butler, D	Portsmouth	D	0	0	0	0	0	0
Hall, Asa	Oxford United	D	28	10	3	3	0	0
Hartley, Peter	Hartlepool United	D	0	0	0	0	0	0
Baldwin, Jack	Hartlepool United	M	10	4	2	0	1	0
Howard, Steve	Hartlepool United	F	6	3	0	1	4	0
Iwelumo, Chris	Scunthorpe United	F	7	4	2	1	1	1
Clark, Jordan	Scunthorpe United	F	0	0	0	0	0	0
Phillips, Mark	Southend United 	D	10	6	2	0	4	0
Njie, Seedy	Southend United 	M	0	0	0	0	0	0
Reid, Craig	Southend United 	F	1	1	0	0	2	0
Blackman, Andre	Plymouth Argyle	D	2	0	0	0	0	0
Rice, Martin	Torquay United	G	0	0	0	0	0	26
Tonge, Dale	Torquay United	D	5	1	0	2	0	1
Nicholson, Kevin	Torquay United	D	17	5	0	3	0	0
Downes, Aaron	Torquay United	D	19	8	4	0	2	0
Pearce, Krystian	Torquay United	D	21	10	4	0	1	0
Mansell, Lee	Torquay United	M	27	11	2	1	1	0
Harding, Ben	Torquay United	M	13	5	0	1	0	0
Bodin, Billy	Torquay United	M	57	14	1	3	6	0
Cameron, Courtney	Torquay United	M	15	10	1	2	1	0
Ball, Callum	Torquay United	F	15	4	2	1	5	0
Benyon, Elliot	Torquay United	F	25	11	3	2	30	0
Thompson, Conor	Newport County	G	0	0	0	0	0	0
Cruise, Tom	Torquay United	D	3	1	0	0	4	0
Lathrope, Damon	Torquay United	M	10	2	0	0	0	0
Thompson, Niall	Torquay United	M	1	0	0	0	0	0
Sullivan, Daniel	Torquay United	M	1	0	0	0	0	0
Hawley, Karl	Torquay United	F	37	13	3	3	16	1
Chapell, Jordan	Torquay United	F	32	16	5	3	4	0
Sheringham, Charlie	AFC Wimbledon	F	12	4	1	0	7	1
Hause, Kortney	Wycombe Wanderers	D	5	1	1	1	0	0
Smith, Chris	York City	D	6	2	0	0	0	0
Clay, Craig	York City	M	6	2	0	0	0	0
Chambers, Ashley	Dagenham & Redbridge	M	14	5	0	0	2	0
Cresswell, Richard	York City	F	4	1	0	0	2	0
Kettings, Chris	York City	G	0	0	0	0	0	0
Fyfield, Jamal	York City	D	0	0	0	0	0	0
Amankwaah, Kevin	Northampton Town	D	4	0	0	0	0	0
Heath, Matt	Northampton Town	D	2	1	0	0	0	0
Emerton, Danny	Northampton Town	M	5	3	0	2	2	0
O'Donovan, Roy	Northampton Town	F	19	6	1	1	19	1
Demontagnac, Ishmel	Northampton Town	M	7	1	0	0	0	0
Hooper, JJ	Northampton Town	F	0	0	0	0	0	0
Jones, Billy	Newport County	D	3	1	1	0	0	0
Boagey, Zak	Hartlepool United	M	0	0	0	0	0	0
Cowan, Don	Southend United 	F	0	0	0	0	0	0
Anderson, Myles	Exeter City	D	0	0	0	0	0	0
Yeoman, Ashley	Torquay United	F	12	6	3	0	1	0
Blyth, Jacob	Northampton Town	F	22	6	3	0	7	0
Washington, Conor	Newport County	F	29	11	4	4	15	0
Sinnott, Jordan	Bury	M	19	8	1	2	1	0
Harrison, Ashley	Portsmouth	F	1	0	0	1	1	0
Smith, Michael	AFC Wimbledon	F	63	29	9	0	25	0
Weston, Rhys	AFC Wimbledon	D	0	0	0	0	0	0
Morch, Mac	Burton Albion	G	0	0	0	0	0	0
Kenneth, Garry	Bristol Rovers	D	0	0	0	0	0	0
Mackenzie, Kyrtis	Torquay United	D	0	0	0	0	0	0
Spencer, James	Scunthorpe United	F	12	2	1	1	7	0
Morch, Mats	Burton Albion	G	0	0	0	0	0	0
Edjenguele, William	Bury	D	4	2	2	0	1	0
Dolan, Matthew	Hartlepool United	M	25	11	2	1	1	0
Wilson, Ben	Accrington Stanley	G	0	0	0	0	0	0
Mahoney, Connor	Accrington Stanley	M	4	1	0	0	1	0
Harriott, Matty	Northampton Town	M	1	1	0	0	0	0
Craig, Nathan	Torquay United	D	9	2	0	0	0	0
Fletcher, Tommy	Wycombe Wanderers	D	0	0	0	0	0	0
Reckford, Jamie	Plymouth Argyle	D	3	2	0	0	2	0
Byrne, Cliff	Scunthorpe United	D	0	0	0	0	1	0
Cooper, Shaun	Torquay United	M	4	1	0	0	0	0
Wilson, James	Cheltenham Town	D	0	0	0	0	0	0
Jalal, Shwan	Oxford United	G	0	0	0	0	0	0
Bond, Andrew	Bristol Rovers	M	8	4	0	1	1	0
Lavercombe, Dan	Torquay United	G	0	0	0	0	0	0
Whitehouse, Elliott	York City	M	14	5	0	1	1	0
Naylor, Lee	Accrington Stanley	D	6	4	0	3	0	0
Dicker, Gary	Rochdale	M	6	2	1	0	0	0
Murtagh, Kieran	Mansfield Town	M	0	0	0	0	0	0
Reid, Paul	Northampton Town	D	3	1	0	0	1	0
Caton, James	Accrington Stanley	M	0	0	0	0	0	0
Dallas, Stuart	Northampton Town	M	16	5	3	0	0	0
Navas, Marcos	Bury	M	2	0	0	0	0	0
Porter, Chris	Chesterfield	F	3	0	0	0	1	0
Mahon, Gavin	Portsmouth	M	0	0	0	0	0	0
O'Connor, Anthony	Torquay United	D	11	4	0	2	2	0
Kiernan, Robert	Southend United 	D	2	0	0	0	0	0
Poku, Godfrey	Mansfield Town	F	1	0	0	0	0	0
Goddard, Jordan	Bristol Rovers	M	0	0	0	0	0	0
Poke, Michael	Torquay United	G	0	0	0	0	0	17
McCourt, Jak	Torquay United	M	6	0	0	1	0	0
Hutchings, Jake	Torquay United	F	0	0	0	0	0	0
Packwood, Will	Bristol Rovers	D	1	0	0	0	0	0
Henshall, Alex	Bristol Rovers	M	3	2	1	0	0	0
Blake, Jack	Mansfield Town	M	3	0	0	0	0	0
Mozika, Damien	Torquay United	M	10	2	0	0	0	0
McCallum, Paul	Torquay United	F	9	5	3	0	6	0
Pilkington, George	Mansfield Town	D	1	0	0	0	0	0
Ferdinand, Kane	Northampton Town	M	2	0	0	0	1	0
Noble-Lazarus, Reuben	Scunthorpe United	F	1	0	0	0	0	0
Barker, George	Newport County	F	2	0	0	0	0	0
Tyson, Nathan	Fleetwood Town	F	9	1	0	0	3	0
Lavery, Caolan	Plymouth Argyle	F	11	5	2	0	9	0
McLeod, Izale	Northampton Town	F	5	2	1	0	4	1
Stockley, Jayden	Torquay United	F	20	14	1	1	7	0
Goldson, Connor	Cheltenham Town	D	1	0	0	0	0	0
Ajala, Toby	Cheltenham Town	M	0	0	0	0	0	0
McCarey, Aaron	York City	G	0	0	0	0	0	12
Eve, Dale	Fleetwood Town	G	0	0	0	0	0	0
Boyce, Andrew	Scunthorpe United	D	0	0	0	0	0	0
Chaney, Sam	Torquay United	D	0	0	0	0	0	0
Veseli, Frederic	Bury	D	3	1	0	1	2	0
German, Antonio	Northampton Town	F	6	0	0	0	2	0
Labadie, Joss	Torquay United	M	14	5	1	1	1	0
Goodwin, Shamir	Torquay United	F	17	6	1	0	0	0
Fogdon, Wesley	Portsmouth	M	0	0	0	0	0	0
Williams, Luke	Hartlepool United	M	19	10	2	1	1	0
Akpro, Jean-Louis	Bury	F	11	5	0	0	9	0
O'Brien, Aiden	Torquay United	F	1	1	0	0	0	0
Wilkinson, Conor	Torquay United	F	7	2	0	0	1	0
Carroll, Jake	Bury	D	3	1	1	0	1	0
Diagouraga, Toumani	Portsmouth	M	2	2	0	0	0	0
Stevens, Danny	Torquay United	M	0	0	0	1	0	0
McCabe, Rhys	Portsmouth	M	0	0	0	2	0	0
Rose, Danny	Bury	F	10	6	3	0	1	0
Loza, Jamar	Southend United 	F	9	5	1	0	7	0
Bennett, Mason	Chesterfield	F	2	2	0	0	0	0
Cargill, Baily	Torquay United	D	1	1	0	1	0	0
Angol, Lee	Wycombe Wanderers	M	0	0	0	0	0	0
Hurst, James	Northampton Town	D	1	1	0	0	0	0
